CPF;RG;Nome;Nascimento;Cidade
16373783788;6759433242;Rodrigo Correia;30/11/2001;Arroio do Meio
38470245012;7916164950;Marcelo Dias;29/05/1988;Santa Vitória do Palmar
71182356812;6492475931;Renata Tavares;18/08/2005;Veranópolis
80835498952;8758363131;Noemi Medeiros;15/08/1984;Gramado
87538081728;5201822785;Caio Soares;02/02/1979;Erechim
38837702785;4628384608;Ana Aguiar;14/04/1984;Eldorado do Sul
65521843342;5012880168;Roberto Braga;07/01/1967;Palmeira das Missões
94321489977;3222173800;Sabrina Correia;04/08/2012;Estrela
65406268901;8555684745;Júlia Neves;27/09/2006;Tramandaí
28196028388;1758169512;Joana Gomes;14/01/1990;Quaraí
24405463640;3409447066;Jorge Farias;14/01/1974;Viamão
66433619463;5098303493;Teresa Ribeiro;06/03/1974;Caçapava do Sul
63134347130;6269788274;Lívia Rodrigues;22/08/1984;Taquari
43253326426;5288800263;Júlia Castro;23/09/1978;Estância Velha
64054255719;6947942253;Igor Barbosa;16/03/1997;Esteio
20375389528;1236003468;Paulo Dias;05/09/1957;Quaraí
32576849350;8832485994;Eduarda Correia;09/05/1981;Gramado
24325476437;7655257310;Simone Dias;24/02/1978;Parobé
50544091070;4951678469;Noemi Fonseca;21/06/1988;São Leopoldo
85031702978;7842155439;Débora Rodrigues;09/02/1980;Canela
94499821848;5769551360;Helena Nascimento;19/11/1999;Carlos Barbosa
57885659850;5513303277;Viviane Batista;10/07/2015;Cachoeira do Sul
63664215299;8290841776;Elaine Araújo;29/04/1986;Esteio
42959969405;4898218052;Paulo Martins;02/12/2007;Três Passos
74725741402;8182442671;Yasmin Nogueira;27/01/1971;Cachoeira do Sul
18203125339;7252081554;César Machado;18/08/2019;Palmeira das Missões
38231503526;7968998899;César Silva;24/04/2004;Jaguarão
55793593466;7244658404;Lucas Oliveira;28/01/1980;Santa Rosa
54877394779;2895772500;Márcio Machado;18/01/1973;Encruzilhada do Sul
66314309951;9021597488;Viviane Tavares;06/06/1968;Frederico Westphalen
96759022474;5532239618;Cíntia Aguiar;10/02/1977;Lajeado
69395772604;7780353671;Ivan Fernandes;26/07/1979;Santo Antônio da Patrulha
20610309284;8512738006;Natália Fernandes;07/03/1980;Cachoeirinha
11207983930;9373877507;Otávio Carvalho;07/03/2005;Cachoeirinha
10922314123;6444197381;William Correia;11/06/1958;São Lourenço do Sul
65805852574;9219593381;Rejane Peixoto;31/08/1986;Vera Cruz
98338524134;5207841508;Isabela Oliveira;19/08/1958;São Sebastião do Caí
57535019653;8894669368;Joana Freitas;05/09/2019;Flores da Cunha
74561339761;9402873163;Flávia Santos;01/06/2000;São Lourenço do Sul
69456508347;8442705247;Yasmin Moura;05/03/1981;Capão da Canoa
29835867480;5960203453;Fernando Teixeira;06/09/2019;Viamão
62641554391;7685639580;Igor Martins;28/04/2006;Erechim
97112539030;9727977193;Elaine Oliveira;09/07/1990;Montenegro
66415196088;6883343284;Carla Silva;03/01/2011;Gramado
24314058754;3162447032;Isabela Medeiros;16/08/2017;Soledade
34770657224;2012806195;Jéssica Moreira;01/04/1988;Taquari
94295333207;6016446197;Daniela Pereira;02/06/1962;Alegrete
96077566572;6513975171;Bianca Gomes;30/06/1993;Nova Santa Rita
94529555666;7740765475;Igor Neves;17/04/1971;Sapucaia do Sul
54879038738;1681542873;Viviane Barros;25/08/1987;Palmeira das Missões
77041708465;2000934831;Ivan Pereira;22/01/2015;Venâncio Aires
83197025589;9410659113;Yasmin Ramos;18/07/2020;Lagoa Vermelha
22965153441;7408995616;Rafael Braga;25/02/1998;Canoas
65983639419;5719103101;César Andrade;07/07/1973;Flores da Cunha
72846241736;7163395125;Rodrigo Pinto;19/05/1969;Venâncio Aires
21421565585;2303582984;Júlia Rezende;21/05/1988;São Francisco de Paula
89075231113;6474499340;Simone Araújo;09/06/2015;Santo Antônio da Patrulha
15485743600;3803314959;Alan Moura;14/01/2005;Três de Maio
85800102194;8682454856;Valéria Fernandes;30/11/1985;Guaporé
63279774411;2554990725;Igor Correia;21/01/1974;Caxias do Sul
72389079371;1434699665;Danilo Batista;17/07/1981;Ibirubá
32145825664;9291789936;Olívia Tavares;15/02/1998;Santa Cruz do Sul
48876205472;5031272920;Rodrigo Pereira;08/09/1956;Santiago
59654323599;1526633488;Alan Rezende;08/05/2008;Soledade
21684711297;1695884846;Caio Pinto;02/02/2017;Uruguaiana
40347118789;3087273032;Queila Ribeiro;13/12/2022;Santa Vitória do Palmar
99641512209;5776967356;Helena Barros;13/10/2017;Sapucaia do Sul
85653408902;9330149631;Marcelo Martins;25/03/2024;Alvorada
49874305199;6973450279;Marcela Nascimento;04/06/2015;Cruz Alta
34048094424;9474195986;Roberto Araújo;14/08/1993;Nova Prata
97392285489;6225334637;Eduardo Costa;29/05/2008;Sapucaia do Sul
85238827588;1837698785;Jonas Farias;12/02/2007;Guaporé
89577778671;4293608823;Eduardo Ribeiro;10/06/2002;Nova Santa Rita
93068993393;4063287837;Joana Fonseca;23/05/1998;Vera Cruz
36872242010;6128867716;Igor Soares;05/08/2002;Estrela
14050139642;9439712105;Rejane Macedo;13/06/1989;Carlos Barbosa
98326154246;9257505754;Paulo Pinto;30/09/2018;Canoas
67625136716;3211934693;Sérgio Barbosa;28/12/1998;Farroupilha
92611577372;6659924646;Simone Moreira;28/12/1970;Bento Gonçalves
94507424228;4134979365;Gabriel Araújo;07/04/1988;Sapiranga
12081889940;9142153007;André Ramos;25/11/1995;Canela
43645338482;7984627935;Hugo Teixeira;17/05/1976;Lajeado
38237359046;5992768010;Jonas Monteiro;19/07/2019;Marau
45321301694;3835806581;Karina Medeiros;27/09/1990;Portão
25694713417;6751377168;Tatiane Martins;03/07/2013;Tapejara
68110648316;7910750595;Lucas Campos;21/06/2009;Santa Vitória do Palmar
71572099555;1383689738;Valéria Andrade;19/07/1965;Taquara
75002082697;6918526870;Rodrigo Coelho;04/06/1997;Santa Cruz do Sul
82048268251;4797306276;Otávio Fonseca;23/01/2001;Bagé
10447758868;1119786278;William Macedo;07/09/1963;Taquara
18111382057;6539735793;Júlia Gomes;30/03/2007;Estância Velha
32261593987;5269480842;Jorge Tavares;16/09/2016;Cruz Alta
56050738521;9792087608;Vitor Miranda;06/03/1956;Taquari
90503668863;4716118100;Ivan Medeiros;21/02/1974;Teutônia
25691343861;8654135583;Priscila Teixeira;28/07/1993;Cruz Alta
47208800974;9509823301;Sérgio Pinto;23/04/1989;Nova Hartz
52700607339;2720331180;Jefferson Araújo;20/12/1999;Candelária
65144121747;6911052523;Mariana Teixeira;15/04/2012;Cruz Alta
15605563813;9379426017;Lívia Fernandes;19/12/1991;Caxias do Sul
85131164418;9343371925;Queila Peixoto;11/03/1999;Santo Ângelo
17727733915;4237090006;Roberto Santos;13/01/2014;Farroupilha
58795597407;6494849131;Cíntia Fonseca;04/02/2004;Encruzilhada do Sul
42426575594;7394325182;Vanessa Araújo;08/01/1959;São Leopoldo
33227553506;5724750330;Rafael Batista;19/02/1975;Três de Maio
17133103277;4127290513;Larissa Andrade;05/03/2011;Bagé
14822774770;8226645360;Valéria Miranda;11/04/1972;Eldorado do Sul
81852423238;6839907635;Leonardo Souza;27/12/1994;São Sepé
48076673735;1196018842;William Soares;03/02/1992;Dom Pedrito
93465063585;2234571608;Gabriel Batista;02/02/1968;Três de Maio
40382612305;8288115368;Luana Coelho;30/03/2003;Encantado
90693588599;3259193345;Ricardo Teixeira;17/10/1968;Pelotas
68451908570;5159378623;Marcela Araújo;12/07/1969;Tapejara
58647789941;6435996580;Jonas Teixeira;25/06/2013;Estrela
37520406843;2450605380;Alan Ribeiro;29/06/1964;Três de Maio
91808037718;4980360506;Gabriel Machado;10/10/2012;Dois Irmãos
92801043888;1991666919;Cláudio Gomes;09/05/1991;Nova Santa Rita
45759101268;2724156100;Rafael Santos;12/11/1974;Alvorada
34430741595;2039796318;João Vieira;16/01/2000;Ijuí
20581343220;7166964557;Marcelo Rodrigues;26/03/2010;Guaporé
76503621846;5289841691;João Gomes;25/04/1986;Bento Gonçalves
42325751564;1782690976;Larissa Rezende;17/02/1986;Rolante
11228348580;6030477872;Daniel Rezende;05/01/1974;Panambi
79659226422;8173767792;Renata Dias;04/05/1994;Sarandi
62319227021;8694099676;Roberto Fernandes;15/08/2008;Tapejara
60425075436;8761050344;Leandro Carvalho;18/01/1961;Gravataí
79577440429;1236849801;Bruna Araújo;22/11/1965;Alvorada
12683852190;9392942144;Sabrina Fonseca;07/12/2007;Sapucaia do Sul
77552094706;4417890783;Daniela Rocha;02/02/1959;Caçapava do Sul
15388525717;7641230359;Ingrid Almeida;15/02/1985;Tramandaí
61848362023;1750343467;Joana Lima;04/03/1975;São José do Norte
72106804900;7314945885;Felipe Fernandes;16/10/1978;Erechim
58597102032;2669187910;Daniela Souza;14/01/2005;Carlos Barbosa
16628730074;2880241315;André Dias;12/11/2010;Santa Maria
96908232963;3829924935;Jorge Nogueira;24/06/1967;Santiago
86925608864;2932024977;Mateus Souza;05/11/1965;Soledade
82704404879;7325166853;Helena Machado;02/11/2020;Camaquã
38559305965;7386369880;Simone Barbosa;05/03/2022;Pelotas
45446883914;4943055286;Aline Costa;08/02/2010;Passo Fundo
47759402915;4330283101;William Teixeira;14/06/1988;Ijuí
69696341266;6303967363;Cláudia Castro;06/11/2011;Guaíba
49695377406;5123294961;Eduardo Campos;01/10/1990;Alegrete
89300706178;6699573593;Thiago Gomes;21/06/1991;Alvorada
54019075968;5195009302;Bianca Medeiros;08/09/1974;Rosário do Sul
12266957384;9134010432;Ivan Gomes;20/08/1969;Igrejinha
56197993131;5108655478;Bianca Fonseca;13/08/1955;Porto Alegre
83529769066;3641231782;Otávio Braga;19/07/2020;Três de Maio
12780613019;7832383924;Diego Fonseca;23/04/2002;Erechim
77260613762;5705950307;Hugo Rezende;22/02/2019;Portão
55990988083;8321016036;Vitor Barros;27/06/1972;Sapucaia do Sul
24434973210;1511143923;Eduardo Nogueira;25/12/2009;Novo Hamburgo
69480393980;5996932223;Kátia Martins;04/01/2010;Carazinho
17512879694;8831242625;Jefferson Peixoto;07/12/1957;Uruguaiana
98531689491;4142336396;Édson Barros;18/09/2021;Palmeira das Missões
73596689177;4870717273;Murilo Rezende;09/12/1969;Igrejinha
72571098400;5772481866;Marcelo Farias;10/07/2018;Nova Santa Rita
95402028872;9934436969;Bianca Aguiar;11/02/1993;Itaqui
49093747962;6879914450;Leonardo Moreira;15/03/1995;Frederico Westphalen
91062182091;1566123928;Olívia Lima;04/08/2014;Encantado
51541992086;4441283572;Teresa Fernandes;06/09/2015;Três Coroas
13191710750;2432108467;Vinícius Castro;23/03/2020;Santo Antônio da Patrulha
33774248855;3729936523;Paulo Andrade;04/10/1963;Uruguaiana
52231905128;6978054397;Pedro Gomes;29/01/1958;Caçapava do Sul
81370778786;2648463612;Eduardo Castro;30/08/1986;Montenegro
17304401498;5622150698;Gabriela Barros;09/03/2007;Cachoeirinha
39168040482;1070745576;Sérgio Fonseca;02/03/2019;Erechim
81174430841;1530347311;Juliana Ribeiro;30/07/1961;Lajeado
85466857070;9994676224;Rejane Machado;22/01/2010;Santa Rosa
26492957069;6459592019;Raul Dias;31/08/1962;São Lourenço do Sul
90512448534;8814760217;Viviane Fonseca;07/10/1977;Campo Bom
50642219443;9997514496;Olívia Barros;16/08/1970;Capão do Leão
48616131742;7167286112;Ana Barbosa;27/08/1992;São Gabriel
93113422654;2252345395;Gabriela Andrade;03/04/2003;Encantado
89169283158;3162012976;Larissa Moreira;23/08/1957;Erechim
60638201828;3538835683;Thiago Costa;20/02/2014;Caçapava do Sul
42264509003;9636727086;Jorge Rodrigues;10/08/2002;Campo Bom
82782035984;7763051665;Lucas Castro;30/01/2005;Estrela
41464392067;8443370496;Elisa Coelho;17/03/2022;Caxias do Sul
57675150870;6580244622;Sérgio Fernandes;27/12/1966;Igrejinha
77344148511;5260179116;Raul Correia;27/02/2011;Venâncio Aires
78872938441;8684493507;Valéria Cardoso;15/04/2024;Taquari
60788229973;1465517723;Daniela Silva;21/06/1995;São Marcos
92087085293;6580372468;Natália Carvalho;29/11/1960;São Lourenço do Sul
38203692450;8550422066;Rafaela Carvalho;24/10/1967;Cachoeira do Sul
22607510765;9613018157;Júlia Cavalcante;09/09/1986;Canoas
62093788385;1160375301;Bruna Ramos;08/02/2005;Charqueadas
37809802604;8841429450;Débora Monteiro;06/02/2009;Cruz Alta
57028845095;3505953423;Larissa Almeida;14/07/1958;Quaraí
26087482421;5393346212;Rafaela Batista;22/04/1967;Viamão
10570112570;7741215593;Gustavo Batista;23/09/1967;Flores da Cunha
70281316311;8073189548;Júlia Dias;16/06/1968;São Leopoldo
66933535805;4438995996;Eduarda Soares;23/10/1991;Sapucaia do Sul
77833710274;9109288885;Carlos Monteiro;20/01/1979;Parobé
92421283134;2340167329;Diego Carvalho;14/05/1969;Teutônia
64315079096;9187318211;Lucas Batista;22/02/1959;Vacaria
46689248253;9853463688;Fábio Gomes;22/02/1995;Dois Irmãos
90184035918;6305763331;Édson Soares;02/07/1994;Torres
95750458207;2976448938;Ana Miranda;31/07/2021;Viamão
55129858234;9190183708;Ricardo Monteiro;10/05/2022;Santa Rosa
57617849150;8476208653;Wesley Batista;15/02/2007;Montenegro
57968123049;7471499028;Aline Neves;12/09/2022;Taquari
40401321728;2939185649;Hugo Braga;06/12/2010;Santana do Livramento
39577264943;6043882353;Leandro Dias;21/03/2021;Veranópolis
45061343375;2097403394;Eduarda Campos;06/08/2018;Erechim
29364249463;5601803363;Igor Rezende;20/07/1975;Palmeira das Missões
61114675163;3258732631;Luana Almeida;04/07/1961;Santa Vitória do Palmar
98431951683;5325327672;Felipe Nogueira;06/02/1960;Eldorado do Sul
24267884591;4104420985;Tatiane Ramos;17/06/2004;Camaquã
91638857909;7540792682;Rejane Nogueira;02/06/2010;Bento Gonçalves
78616674880;1887979817;Cíntia Rezende;09/01/2017;Rolante
76865452138;5213943020;Graziella Dias;26/08/1998;Lagoa Vermelha
54688631751;4592898006;Ana Neves;28/05/1959;Esteio
48043144463;2379174903;Vinícius Miranda;23/01/2016;Erechim
46518184739;4120428868;Helena Correia;01/08/2022;Santiago
68874127114;3128120920;César Moreira;26/09/2014;Carazinho
33290472898;7748114921;Olívia Ramos;19/05/1994;Passo Fundo
91147581731;8910714283;Samuel Almeida;28/11/1983;Capão da Canoa
91695136430;7046948740;Tatiane Lima;10/11/1981;Encruzilhada do Sul
48158436987;2323807315;Henrique Miranda;13/01/2014;Santa Vitória do Palmar
69174283235;3463438138;Jonas Campos;10/08/1999;Encruzilhada do Sul
79361632304;5366288705;Daniel Fonseca;11/12/1996;Estância Velha
36159161036;7424526150;Igor Pereira;03/03/1988;Tramandaí
62603810037;4764276618;Larissa Campos;16/05/1977;Três Coroas
86793975716;5076862015;Rafael Cavalcante;17/06/2014;Torres
50844786537;4472418547;Sérgio Miranda;08/09/2018;Taquara
80234366535;2300498097;Alexandre Nogueira;22/10/1980;Carlos Barbosa
57634553826;5875334782;Cláudio Tavares;18/08/1974;Montenegro
11914539574;4111107868;Queila Correia;14/06/2021;Venâncio Aires
94130178204;9618491086;Bianca Fernandes;05/07/1969;Caxias do Sul
53942833940;9843723968;Alan Batista;21/11/1977;Imbé
73488991766;8046856957;Leonardo Lima;25/09/1982;Alegrete
83255765303;1246455746;Maria Barbosa;30/01/2008;Vacaria
59830231205;8264376863;Valéria Rezende;26/01/2010;Nova Santa Rita
29670123251;6305881507;Michele Correia;04/07/1972;Rolante
40893699825;4678383805;Renata Pereira;13/01/1977;Canguçu
72624523074;1525514584;Roberto Soares;14/07/2023;Três Passos
82275987242;9584360311;Rafaela Nascimento;16/11/1958;Santiago
41790694176;3090485920;Paulo Gomes;19/06/1964;Esteio
10919940126;5845520643;Yasmin Correia;20/03/2023;Três Passos
82550891548;4410494964;Maria Fernandes;07/02/2015;São Borja
32237836538;6311130445;Diego Braga;15/07/1979;Farroupilha
74861808219;2382344234;Ricardo Almeida;14/02/2006;Charqueadas
49066254860;8228168232;André Rezende;21/11/1975;Ibirubá
89576439789;3333543292;Natália Cardoso;27/12/2016;Canguçu
30102546582;4764944413;Renata Carvalho;15/06/2013;Nova Santa Rita
11702902454;5502760133;Jonas Carvalho;17/12/1982;Sapiranga
64282782143;1058817655;Raul Gomes;11/07/2010;Ijuí
15026861046;3724160367;Mateus Castro;10/04/1963;Flores da Cunha
42524265691;6978388419;Vitor Coelho;23/04/1958;Tramandaí
87460295723;4712198069;Flávia Batista;09/01/2004;Nova Hartz
27656157431;8380646511;Wesley Miranda;22/12/1979;Marau
47702253365;3894608116;Murilo Dias;25/10/1980;Canoas
22646116757;3489133662;Ivan Moura;21/05/2001;Triunfo
76624728704;1007935712;Lívia Martins;26/08/1998;Uruguaiana
24218951006;4240982848;Ivan Neves;28/04/2001;Porto Alegre
22428687964;5119074761;Cláudia Gomes;06/05/1966;Ibirubá
24542511125;7790001695;Ricardo Moreira;04/06/2017;Charqueadas
19847654159;4981728470;Júlia Monteiro;16/11/1983;Canoas
31345949306;6855423645;Vitor Araújo;06/09/2015;Rosário do Sul
33236290999;7797588611;Lucas Tavares;01/11/2001;São Lourenço do Sul
93198386219;4449002160;Olívia Silva;17/04/2002;Cruz Alta
92532195601;6605223494;Natália Costa;11/03/2020;Ibirubá
48880748176;1067046016;Isabela Fernandes;31/07/1969;Bagé
78045522945;9433633414;Édson Machado;17/09/1986;Ibirubá
76803925812;7184418872;Joana Pereira;02/03/1981;Torres
52792812688;5259784697;Priscila Dias;12/09/1958;São Leopoldo
40975680351;8416178961;Luana Cardoso;25/03/2016;Farroupilha
33531440743;5333393524;Caio Medeiros;13/10/2012;Cachoeirinha
90636220544;2890596944;Wesley Moreira;15/05/1985;Ibirubá
29824823912;8457280081;Rejane Fonseca;11/04/2003;Carazinho
90302620915;5569652275;Ingrid Cardoso;06/08/1985;Frederico Westphalen
72384742058;9133268155;César Barbosa;01/02/2010;Rolante
30490727183;2951695039;Daniela Soares;11/11/1997;Santa Rosa
83959806826;7660542945;Sérgio Carvalho;30/07/1990;Igrejinha
94011234688;5450234048;Gustavo Macedo;22/07/1968;Santo Antônio da Patrulha
36590079290;6220100567;Carla Rocha;15/11/1967;Lagoa Vermelha
41027439746;2647189307;César Almeida;22/02/1972;Igrejinha
42395373255;7419773040;Rodrigo Campos;18/05/2023;Porto Alegre
93008051909;3306215042;Teresa Coelho;19/08/2001;Estância Velha
41546973483;4603255206;Fernando Soares;22/06/1998;Estância Velha
25228043878;9733191172;Marcela Teixeira;21/04/2014;Nova Hartz
75683436691;7291243475;Caio Barros;24/09/2013;Três Passos
61697448219;7944877594;Pedro Aguiar;18/09/2022;Tramandaí
64440942141;9384954247;Patrícia Moura;10/03/1973;São Francisco de Paula
30475028399;9858641528;Murilo Tavares;19/08/1994;Nova Petrópolis
26074037958;9134059981;Michele Barbosa;20/12/1978;Soledade
63030010829;2044739589;Sabrina Santos;30/12/1994;São Sepé
64039210942;9706992887;Aline Monteiro;15/06/2007;Teutônia
21093011802;5168499715;Isabela Lima;05/12/1971;Sapiranga
48326366339;3916901976;Paulo Miranda;01/04/1974;Triunfo
30189066446;6512218503;Édson Costa;03/01/2000;Canela
95616129818;2787576169;Carlos Cardoso;22/09/1983;Lagoa Vermelha
25649437732;8447676318;Vitor Aguiar;16/08/1977;Igrejinha
68924401611;8887790149;Ricardo Nascimento;30/01/1978;São Lourenço do Sul
96811339751;2084915453;Gabriel Moura;12/05/1998;Carlos Barbosa
79960469714;3918099495;Queila Oliveira;21/07/1982;Quaraí
48078234880;7636188543;João Tavares;08/07/1999;São Sebastião do Caí
62451394785;3943521300;Elaine Castro;27/03/2020;Encantado
76598518324;1121651791;Wesley Ribeiro;07/05/2002;Erechim
53995494406;4659180874;Leandro Fernandes;21/07/1994;Osório
79555192721;5297193804;Olívia Castro;20/02/2024;Viamão
97085685179;9569955584;Rafaela Campos;15/03/2022;Nova Petrópolis
88805029496;1008558465;André Aguiar;18/02/1968;São Luiz Gonzaga
95983499738;4976728003;Fernando Batista;22/05/1984;Garibaldi
23235745845;4486881982;Vinícius Peixoto;14/02/1996;Santana do Livramento
65939745278;6992108709;Eduarda Andrade;31/08/1960;Capão do Leão
89864901659;9064882074;Carla Souza;21/09/1998;Flores da Cunha
62628008379;8680846257;Gustavo Moura;19/02/2012;Porto Alegre
83967530507;6607162221;Leonardo Moura;25/03/1976;Sarandi
52833855740;5162479961;Simone Vieira;16/07/1984;Três de Maio
78430151379;4605385874;Camila Moreira;26/02/1960;Três de Maio
73558022152;8475786408;Igor Coelho;04/09/1989;Garibaldi
56883497562;9388764178;Thiago Carvalho;10/02/1959;Dom Pedrito
71417801500;5302649770;Marcelo Nascimento;16/09/1999;Viamão
30516059503;9950719169;Priscila Rocha;22/11/1982;Montenegro
64342194537;4507378444;Caio Batista;07/05/1994;Gramado
92568138844;5682918477;Leonardo Cavalcante;05/10/2001;Estância Velha
50174918359;9512937418;Renan Neves;28/10/2019;Eldorado do Sul
87144784408;9190656888;Roberto Miranda;17/06/2011;Torres
52259260555;7676659700;Valéria Soares;16/10/1962;Nova Hartz
91607085461;5394173774;Jéssica Souza;14/05/1983;Osório
66373431367;8872356938;Luana Souza;19/08/1967;Portão
16283619762;9379755773;Elaine Pinto;27/06/1982;Canoas
46778810154;6991242713;Kátia Ramos;22/08/2023;Carlos Barbosa
70711107563;5938238393;Leandro Macedo;25/03/2005;Uruguaiana
47669829766;3549886651;Joana Macedo;20/08/1967;Tramandaí
23764842427;7723164679;Karina Farias;09/05/1968;Guaporé
97325601156;9951741142;Rafaela Aguiar;23/07/2006;Alvorada
96413442121;1221110364;Juliana Batista;04/01/2015;Jaguarão
24955483682;6163266261;William Braga;15/02/1999;Cachoeirinha
64966042976;2259433537;Marcela Nogueira;11/12/2013;Soledade
87266686307;2533641484;Noemi Batista;03/01/2003;Palmeira das Missões
59191253889;6572224162;Igor Costa;07/01/2008;Soledade
47107409157;4063257870;Thiago Dias;04/03/2002;São Jerônimo
71978595594;8423667625;Cíntia Nogueira;14/03/1970;Cruz Alta
68763814261;6978478409;Danilo Neves;24/08/1994;Vera Cruz
72827721504;2284622359;Raul Rocha;19/08/1989;Sarandi
54724165236;6745580177;Hugo Fonseca;14/09/1990;Passo Fundo
71032264587;7731898093;Jonas Ramos;30/01/2014;Bento Gonçalves
14238530468;7101558774;Ricardo Ribeiro;31/07/1964;Santa Cruz do Sul
75451109808;6329367219;Otávio Cavalcante;30/11/1984;Capão da Canoa
75486533666;3127405831;Raul Lima;27/04/2013;Venâncio Aires
77555352739;1500922558;Márcio Almeida;07/03/1958;Eldorado do Sul
31732183738;5362608023;Henrique Neves;05/06/1963;Dois Irmãos
68200517559;7129484022;Rejane Miranda;30/12/2003;Triunfo
84372100416;1174077680;Rejane Lima;21/06/2012;Portão
76491696408;1598337373;Mariana Peixoto;03/12/1973;Bagé
34703152267;1828715242;Jéssica Macedo;18/09/1978;Uruguaiana
23762937086;1519736705;Bianca Pinto;22/05/1995;Canoas
75384242469;4238150827;Diego Andrade;05/05/2019;Quaraí
83117768861;9784385771;Fábio Coelho;05/11/1996;Santiago
23869061770;7193440674;Carla Freitas;13/07/1988;Estrela
81684454895;9615158630;Roberto Cardoso;18/10/1961;Rio Pardo
29817329259;7433781065;Jéssica Castro;08/11/2007;Lagoa Vermelha
30244316837;8525184733;Henrique Peixoto;12/02/2019;Torres
22734928057;4249754767;César Tavares;17/01/1997;Dom Pedrito
87368191599;9771590538;Felipe Medeiros;17/07/1981;São Leopoldo
49996708935;9551637410;Isabela Ramos;08/01/1990;São Jerônimo
28620623418;2208276718;Olívia Monteiro;21/04/1998;Farroupilha
30705237437;7169867238;César Castro;30/07/1978;Eldorado do Sul
27832942285;8693136020;Ana Lima;11/08/1987;Capão do Leão
46476802133;7212517726;Renata Miranda;17/08/1993;Portão
37648006344;7117473284;Ivan Barros;14/12/1989;Bento Gonçalves
10539352058;6983466281;Bruna Almeida;26/11/2013;Dom Pedrito
94157066786;3225124045;Carlos Farias;28/12/2020;Canela
29672294487;6274402097;Fábio Martins;12/04/1966;São Jerônimo
19933108371;3985144015;Valéria Dias;07/10/2020;Marau
54587754255;3833713102;Camila Andrade;17/12/1967;Soledade
81847145555;1812623730;Olívia Souza;02/01/1964;Flores da Cunha
66938995211;8350978674;Graziella Correia;13/04/1998;Passo Fundo
94469549223;8788403876;Jorge Ribeiro;21/06/1973;Camaquã
97571065533;7102223901;Márcio Neves;25/02/2003;Pelotas
14502358230;1517188576;Wesley Rodrigues;04/03/1978;Itaqui
42595330599;2326955501;Thiago Martins;06/09/2023;Bento Gonçalves
38029138245;6306685132;Valéria Nascimento;09/01/1987;Capão do Leão
95403362366;6283530217;Jorge Batista;02/02/1958;Esteio
63689385526;3619100767;Henrique Aguiar;03/02/1973;Santo Ângelo
69504134432;7480969712;Henrique Batista;17/10/1958;Dois Irmãos
21570246767;1959252239;Juliana Braga;07/02/2022;Taquari
45071036433;6778683182;Rafael Machado;10/06/1993;Taquari
47294485909;2421821313;Rafaela Ribeiro;13/04/1967;Candelária
65843914479;1236982591;Rafael Correia;23/01/1991;Rio Pardo
93770180756;2975367045;Viviane Moura;04/05/1967;Santo Antônio da Patrulha
35802439868;6525902287;Gabriela Vieira;28/08/1995;Cruz Alta
16049415142;1747230987;Danilo Cardoso;03/04/2001;Encruzilhada do Sul
29847186706;1390228202;Michele Almeida;25/11/1959;Santa Maria
99877388875;6590461657;Bruna Martins;27/10/1970;São Jerônimo
85357986794;6974392785;André Tavares;16/01/1973;São Sepé
43089993577;7673289981;Aline Pinto;16/12/2006;Tapejara
86664754394;8930592975;Queila Pereira;15/05/1980;Taquara
63787950323;6441102662;Viviane Cavalcante;08/02/2001;Canela
86438172820;5944689123;Cláudia Barbosa;24/05/1977;Santa Vitória do Palmar
19171716901;2023031746;Marcelo Braga;10/04/2008;Nova Santa Rita
13935499370;5081942234;Noemi Macedo;15/10/2005;Triunfo
32554208164;7010896817;Sabrina Moura;05/05/2004;Vacaria
16368701830;6997264488;Fernanda Carvalho;23/04/1958;Tramandaí
95345523919;8122925973;Michele Nascimento;20/09/1996;Rosário do Sul
44012641388;5232668822;Graziella Neves;08/12/2014;Triunfo
84996089920;7344659923;Lívia Batista;08/01/1989;Porto Alegre
31877585595;2493717299;Thiago Rodrigues;03/03/2021;Canguçu
48789768759;9102105554;Patrícia Correia;31/12/1961;Capão do Leão
60652034435;2266732038;Otávio Oliveira;10/03/2000;Rio Pardo
95301775041;3554638368;Daniel Cardoso;14/06/1997;Arroio do Meio
51090872329;4167050498;Murilo Nogueira;09/03/1997;Viamão
52074647328;6119430760;Eduarda Barbosa;11/12/1989;Santa Cruz do Sul
52526030988;7302128901;Juliana Martins;30/04/2009;Santo Ângelo
83199278442;9514500777;Jorge Souza;04/06/1972;Arroio do Meio
52526610712;9277693796;Mateus Oliveira;20/07/1996;São José do Norte
20379039854;9317108172;André Machado;01/11/2016;São Francisco de Paula
66445330740;2855426445;Carlos Araújo;22/09/2015;Rio Pardo
55402469612;6398095421;Olívia Rezende;21/07/1995;Flores da Cunha
56178444748;2967386315;Rejane Andrade;07/03/2004;Santana do Livramento
47775989198;7720448540;Lucas Pereira;28/08/2020;Igrejinha
85774022068;6464965807;Igor Campos;10/09/2006;Taquara
70900202808;2155770728;Mateus Ribeiro;08/02/2004;Sarandi
23623678269;3688670787;Eduarda Monteiro;09/12/1998;Santa Vitória do Palmar
54743251987;6416354417;Tatiane Moura;18/08/2005;Gravataí
20521999400;2738767910;Leonardo Monteiro;24/07/1987;São Gabriel
21551143205;3591084426;Marcela Pinto;20/11/1998;Bento Gonçalves
75510688050;4328378181;Ingrid Macedo;16/02/1957;Dom Pedrito
56042378746;3010253354;Luana Castro;03/12/2000;Caxias do Sul
52220858850;1047188277;Hugo Souza;28/08/1969;Veranópolis
43468600079;1323711033;Marcela Freitas;14/09/1973;Portão
60220724594;9924617305;Ricardo Vieira;09/09/1977;São José do Norte
30210588327;3592294899;Elaine Pereira;01/06/1962;Carazinho
58898331959;4196914498;Helena Vieira;13/03/1971;São Borja
65104545124;1905368869;William Rocha;23/03/1980;Santa Vitória do Palmar
40658935326;4348465244;Elisa Cavalcante;01/11/1986;Charqueadas
91984535553;4421187716;William Pinto;07/12/1966;Nova Hartz
76925071242;2206324147;Marcelo Silva;23/11/1990;Santa Vitória do Palmar
19639060934;7868091387;Rafael Martins;21/12/2011;Farroupilha
15493179757;1842097839;João Andrade;05/10/1996;Cachoeirinha
77186293165;8952477852;Fernando Andrade;28/10/1984;Soledade
30753362067;5930316824;Marcelo Campos;18/10/1994;Três Passos
84231130353;3612303531;Larissa Lima;18/12/1990;Novo Hamburgo
16703183219;5604975791;Rodrigo Miranda;21/10/1979;Carlos Barbosa
81863119644;7408448101;Karina Rodrigues;22/05/1966;Santa Rosa
44775850807;3893100544;Isabela Vieira;25/05/1973;Nova Hartz
71327928652;1036550728;Karina Neves;18/08/1957;Lagoa Vermelha
60853362782;8503649832;Noemi Martins;22/12/1973;Santana do Livramento
54894828532;9511643690;Noemi Araújo;04/08/1957;Passo Fundo
27302008892;2974525840;Alan Santos;02/11/1990;Encantado
87765267109;5333767122;Renata Martins;28/01/2000;Bagé
27763778862;5547152859;Rafaela Barbosa;07/07/1957;Veranópolis
78267669398;3728024531;Lucas Almeida;07/11/2021;Taquari
28397671611;3719543181;Márcio Monteiro;01/03/2004;Nova Hartz
69818878262;2986058390;Rejane Barros;03/10/1995;Dom Pedrito
62396381881;7050626400;Rodrigo Rocha;28/01/2014;Esteio
98623082198;9239647026;Bruna Fonseca;17/10/1976;Rio Pardo
96711988394;6036435285;Leonardo Carvalho;07/04/2010;Vacaria
55218330867;9429137534;Otávio Ramos;08/05/1999;Taquara
86471388668;3605944290;Raul Cavalcante;16/09/1979;Bagé
18247837868;1869535375;William Cardoso;07/06/2011;Osório
57118417239;1757705552;Daniel Barros;25/06/2005;Triunfo
59778824599;5047002844;Olívia Santos;03/09/2015;São Sepé
48495065946;4590234017;Édson Moreira;06/02/1979;Dom Pedrito
61947861104;9018384911;Thiago Moreira;24/11/1963;Rosário do Sul
18346992637;6571313740;Viviane Nogueira;09/09/1979;Parobé
77065092160;2546129993;Raul Teixeira;24/04/2022;Porto Alegre
31579495136;2213185921;Felipe Souza;05/10/1964;São José do Norte
49812903924;9696770857;Mateus Dias;26/01/2022;Camaquã
94786957113;3977455888;Lucas Cardoso;15/10/1955;Sapiranga
52695599361;1277866646;Raul Machado;23/03/1974;Eldorado do Sul
91578001360;2631907936;Luiz Machado;10/09/2018;Nova Hartz
75181523060;2565243352;Eduardo Barros;01/01/1985;Novo Hamburgo
29810583911;8851516044;César Nascimento;22/10/2022;Estância Velha
41214904538;7617431014;Alan Nascimento;18/02/1958;Flores da Cunha
77580092685;7770876989;Sabrina Coelho;22/12/1999;São Lourenço do Sul
24686781243;4016772663;Isabela Correia;09/07/2020;Esteio
75687306980;3850784144;Fernando Pinto;22/05/2023;Gravataí
55218141229;6869490506;Marcelo Freitas;24/07/2018;Osório
19270106267;4038150285;Igor Nogueira;07/08/2013;Garibaldi
80045957846;2960219548;Gustavo Rezende;05/03/1965;Torres
69531874357;9465451177;Tatiane Almeida;23/04/2014;Imbé
63903822351;5990308021;Flávia Ribeiro;16/10/2003;Tramandaí
79669505357;4401378188;Elaine Gomes;07/09/2001;Viamão
80877531397;5571470556;Caio Andrade;18/12/1964;São Gabriel
56248950623;5828569526;Tatiane Andrade;11/07/2001;Capão do Leão
31893633294;5361047671;Jefferson Oliveira;02/08/2013;Igrejinha
96701920609;2622752126;Patrícia Freitas;13/08/1985;Santiago
33252858540;9604006017;Ingrid Araújo;02/01/1961;Lajeado
28510099636;9840995000;Tatiane Miranda;11/08/2008;Três Coroas
37337193040;6366692922;Queila Farias;30/06/1961;Soledade
78211459525;1384061432;Vitor Fernandes;02/06/2011;Arroio do Meio
91695735493;8913047962;Viviane Peixoto;30/11/1968;Guaíba
30359669318;5929504735;Rafaela Barros;03/03/1990;Três de Maio
54988589967;9574054202;Caio Macedo;10/03/1996;Frederico Westphalen
28097247789;8500063434;Luiz Souza;19/08/2014;Charqueadas
96450917503;5963733345;Luana Ribeiro;17/08/1996;Ivoti
57294452165;5058447974;Ingrid Aguiar;04/04/1972;Sarandi
63550172036;1328761717;Aline Campos;02/12/1960;Ijuí
26376011498;5457860487;Gustavo Souza;08/05/2017;Santa Cruz do Sul
86913579293;9808731398;Elaine Cavalcante;25/03/1978;Torres
95770865243;5639263536;Jonas Rodrigues;06/08/2015;Guaporé
96720295046;9719409347;Daniela Cardoso;07/05/2018;São Luiz Gonzaga
29314713468;1139419019;Graziella Rodrigues;18/02/2003;Soledade
70053576660;9912674075;Fernando Cavalcante;06/03/2006;Veranópolis
72819442729;4476697051;Mateus Soares;29/01/1976;Nova Prata
94105434670;5102725808;Elisa Campos;23/09/1958;Cachoeirinha
82699889536;9864429259;Renan Aguiar;15/02/2006;Ivoti
63012739360;1573178265;Aline Araújo;27/07/1970;Rolante
45471795330;3016220797;Édson Peixoto;11/11/2006;Guaíba
63907381691;7410754685;Fernanda Rezende;18/03/1978;Caçapava do Sul
92915031561;7041152553;Jorge Soares;11/03/1959;Campo Bom
49117679789;9384750760;Larissa Braga;11/08/1955;Venâncio Aires
94812525069;3331960468;Ana Batista;19/11/1978;Carlos Barbosa
59666114548;4325120643;Cláudio Barros;06/05/1991;Santa Vitória do Palmar
27636059261;9956992668;Wesley Farias;06/04/1958;Tramandaí
64130976215;7632128955;Eduarda Silva;22/04/1964;Imbé
53452815548;9397525157;Renata Cardoso;26/05/1983;Nova Petrópolis
42389635819;2697565345;Murilo Braga;17/09/2020;Soledade
70769656300;2628354353;Bruna Moura;15/09/1993;Capão da Canoa
74668707086;6359744446;Leonardo Machado;20/07/2005;Canguçu
45834396330;8119085880;Ingrid Moura;06/11/1997;Cruz Alta
65036720299;6333735759;Ricardo Rezende;01/06/2013;Capão da Canoa
39330004813;8694538406;Noemi Santos;27/03/1993;Santiago
21678184263;7037687764;Mariana Monteiro;27/04/2005;Itaqui
33457797463;4376103053;Felipe Lima;16/04/1983;Cachoeira do Sul
57161086876;1863581249;Teresa Castro;15/02/1985;Cachoeira do Sul
79682081445;2149420365;Paulo Medeiros;11/04/1978;Tapejara
58465285522;5387494605;Joana Pinto;11/09/1987;Nova Santa Rita
24855691497;6370926081;Cíntia Rodrigues;18/02/1976;Cachoeirinha
52050646075;7501442292;Fernando Macedo;25/06/2010;Santa Rosa
72183893140;8866813197;Fernando Nogueira;11/06/2016;Candelária
58717083365;9872284130;Roberto Coelho;10/01/1969;Alegrete
64994158951;6549280558;Márcio Souza;07/10/2013;Estrela
89458931084;7674096584;Kátia Oliveira;07/06/2010;Três Coroas
37047969913;9317220979;Joana Monteiro;05/08/1956;Camaquã
76921234126;6371489442;Fernando Freitas;15/02/2014;Farroupilha
83466019066;3877560827;Jonas Aguiar;12/09/1977;Sapiranga
42353455456;3963888302;Viviane Dias;08/01/2011;São Gabriel
20107340319;2143643325;Olívia Martins;16/02/1975;Charqueadas
46601088810;6773111116;Maria Peixoto;15/11/2005;Lajeado
43400309852;4557512749;Cláudio Rodrigues;23/01/2006;Três de Maio
78215884187;5601616684;Hugo Soares;04/09/1997;Santana do Livramento
85654302579;3119924150;Marcelo Souza;21/12/1967;Teutônia
89826509812;1170867175;Mariana Silva;25/02/1987;Rolante
46445619807;5899482184;Daniel Moura;31/08/1998;São Jerônimo
20185903948;7019325806;Graziella Miranda;21/03/1994;Rolante
36891659304;5211446028;Elaine Souza;28/08/2006;Eldorado do Sul
66965558141;9302746767;Fábio Souza;24/11/1983;Pelotas
43240650377;4247493388;Thiago Barros;08/10/2006;Ibirubá
19704856283;2508225239;Rafaela Silva;09/11/1970;Tramandaí
26233720044;7347990582;Larissa Santos;17/05/2012;Cachoeira do Sul
13700329835;4446337894;Samuel Correia;16/10/2013;Erechim
71228347361;3637042780;Roberto Ramos;16/07/1984;Campo Bom
97624439126;8270074260;Luana Machado;31/01/2001;Flores da Cunha
12121300326;3164744375;Kátia Rocha;06/09/2009;Caxias do Sul
71559677222;6750198992;Felipe Silva;13/10/1978;Carazinho
43642043306;1325471160;Fernanda Aguiar;16/08/2001;Parobé
42566748076;7776675211;Fernanda Dias;11/04/1970;Igrejinha
61266179776;8595838181;Henrique Silva;15/07/1968;Bagé
82961100854;3635425592;Rafaela Costa;21/08/2006;Rosário do Sul
88507500421;5527973028;Gabriel Coelho;26/05/1987;Nova Petrópolis
18083662289;8552286437;Carla Nascimento;16/09/2021;Torres
60720054831;6646691694;Cláudia Almeida;04/10/1963;Tapejara
32239751080;4540576431;João Fernandes;17/10/1988;Bagé
96772055501;2447280475;Thiago Lima;07/12/1960;Igrejinha
48057582687;3144882361;Lívia Moura;04/12/2020;Gravataí
96906049522;4734791312;Thiago Oliveira;25/03/1999;Três Passos
67946130448;7946702920;Daniel Ribeiro;30/05/1983;Encruzilhada do Sul
79174641773;9947594426;Teresa Moura;27/03/2018;Sapucaia do Sul
66603486750;4578934265;Pedro Silva;16/10/2018;Porto Alegre
41142076971;9972229996;Paulo Silva;10/11/1957;Garibaldi
31856828256;9078010799;Henrique Barbosa;29/10/1970;Santa Rosa
92389207446;3680752657;Olívia Coelho;25/06/1965;Bagé
69021226077;3278263827;Valéria Pinto;04/04/1969;Caxias do Sul
87650770410;1503328163;Jonas Fernandes;16/09/2011;Passo Fundo
98656889672;5375865853;Carlos Ramos;13/10/2012;Nova Hartz
30890271126;5883202080;Carlos Aguiar;25/09/2000;Nova Santa Rita
14932090128;4707166542;Gustavo Miranda;10/02/2022;Charqueadas
77418409024;9654295205;Natália Machado;06/05/1981;Rosário do Sul
49201034754;9407550511;Fernando Souza;27/04/1996;Cachoeirinha
69245007854;8703292274;Rodrigo Carvalho;23/11/1996;Torres
92822112291;4434339453;Renan Miranda;06/01/2021;Cruz Alta
97374379452;5234936910;Jefferson Almeida;31/05/2003;Frederico Westphalen
40307617199;2902446457;Bianca Rezende;20/10/1977;Bagé
93844761013;8562739886;Teresa Aguiar;01/12/2006;São Francisco de Paula
70427714787;5929165100;Elisa Almeida;12/10/1962;Porto Alegre
28963177163;7302434624;Priscila Freitas;08/08/1999;Cachoeirinha
58412393170;3508700394;Larissa Peixoto;15/03/2024;São Sepé
67532534288;2538646758;Bruno Rodrigues;21/07/1982;Caçapava do Sul
45937213482;9508542637;Isabela Silva;09/02/2010;Itaqui
66934978435;5096242359;Caio Nascimento;20/01/1999;Ivoti
83890792954;6579293021;João Nascimento;23/01/2017;Montenegro
93398915060;6016196849;Priscila Martins;08/07/1982;Taquari
56643441439;6007014486;Tatiane Vieira;10/09/1965;Osório
79343599390;2084162482;Juliana Machado;23/06/2023;Nova Prata
12178735832;3304140959;Raul Tavares;20/05/1961;Sapucaia do Sul
77126931549;7978856341;Noemi Teixeira;28/06/2007;Montenegro
93045612964;5784923312;Fábio Pinto;31/01/1989;Tramandaí
50811437715;7844702602;João Moura;06/02/1959;Cachoeira do Sul
90364338565;6336555897;Fernanda Barbosa;12/11/1975;Canoas
39535804072;5724230718;Henrique Pinto;24/12/1985;Santa Maria
66350900986;8777866686;Viviane Farias;30/12/2019;Viamão
67089289032;3587220224;Luana Gomes;07/03/1998;São Lourenço do Sul
86469111876;4430254994;Flávia Pinto;08/08/2013;Nova Santa Rita
58356940669;7640629353;Noemi Campos;19/03/1978;Canguçu
98300948433;6880185299;Gabriel Cardoso;27/10/2003;Carlos Barbosa
27415366124;7042962159;Henrique Cavalcante;20/09/2005;Teutônia
88247371339;5065729039;Tatiane Peixoto;23/11/1972;Itaqui
24175969651;4898773373;Marcela Medeiros;18/11/2011;Nova Prata
22287974389;5938482755;Hugo Rodrigues;04/10/1958;Gramado
90225191723;3554549777;Jorge Peixoto;08/01/1978;Novo Hamburgo
72438101370;8863004200;Raul Nogueira;13/07/2013;Sapiranga
92482505375;8825886430;Otávio Machado;12/11/1966;Uruguaiana
44714721461;9561005649;Flávia Cavalcante;11/04/1965;Santa Rosa
93016034331;9636232154;Roberto Correia;26/05/1964;Sarandi
99294342414;3395627744;Gustavo Santos;23/09/2011;Montenegro
90160651657;9593844711;Larissa Araújo;12/08/1974;Estância Velha
94831197010;6412915375;Rafael Aguiar;01/11/1996;Montenegro
47963015068;2330964484;Michele Carvalho;17/12/1959;Bagé
71435586411;4853665610;Thiago Braga;02/08/2020;Sapiranga
21695976130;6575212614;João Coelho;25/05/2011;Cachoeira do Sul
75027286508;9393886470;Diego Barbosa;18/07/1980;Portão
27428573625;9694461942;Flávia Costa;03/06/1997;Caçapava do Sul
71003197757;8548955554;Renan Dias;18/11/1986;Charqueadas
72775757773;9040238549;João Araújo;01/02/1969;São Luiz Gonzaga
74059859544;8218186599;Igor Andrade;25/09/2016;Palmeira das Missões
25801020243;8222128885;Felipe Martins;24/12/1977;Gramado
54041591452;6715236690;André Fernandes;01/08/1995;Caxias do Sul
28512857596;8252923597;Vanessa Peixoto;25/12/1968;Triunfo
80374458462;2387355379;Hugo Andrade;07/01/2000;São Jerônimo
14450118402;5291153963;Noemi Freitas;05/02/1999;Imbé
57981024938;3098376994;Lucas Souza;24/03/2021;São Marcos
90565503081;9152956702;Cíntia Pinto;17/12/2002;Viamão
87832815373;4807604348;Mateus Coelho;15/11/1958;Bento Gonçalves
21607633601;7844544427;Vanessa Correia;04/09/1955;São Leopoldo
22313565302;1294600709;Eduardo Correia;21/02/2017;São José do Norte
47837925596;2154939046;Mariana Ramos;17/12/1964;Caçapava do Sul
64384515009;2870833498;Flávia Machado;21/05/1974;Estância Velha
89140091038;8762067085;Roberto Silva;17/05/1972;Gravataí
84342142082;4783248303;Jéssica Freitas;19/09/1975;Lagoa Vermelha
61847743961;5526076496;Michele Gomes;20/07/2020;Tramandaí
26347816287;2717502456;Bruno Medeiros;01/04/1984;Santiago
32193643052;9224633124;Rafael Nogueira;27/09/1958;Cachoeira do Sul
80539562827;3752526581;Débora Freitas;09/01/1971;Panambi
34114948487;6241529132;Renan Soares;15/06/1964;Sarandi
18104129476;7206056671;Michele Batista;31/10/2014;Rolante
18957682756;9116573590;Márcio Vieira;18/01/1986;São Gabriel
99187904007;7428965131;Teresa Medeiros;17/09/1983;Cachoeirinha
75131140731;9424880197;Flávia Braga;31/07/1976;Guaíba
76896658328;6379760259;Ingrid Medeiros;29/07/1994;Encruzilhada do Sul
82428210172;5424843349;Rejane Cardoso;11/06/1998;Santo Ângelo
38383291646;9532718654;Otávio Almeida;30/12/1970;Taquara
48385277575;1378280089;Bruno Tavares;01/07/1973;São Sepé
47282445851;3383806674;Eduarda Martins;09/11/2003;São Gabriel
50061621379;1293010120;Fernanda Andrade;02/05/1990;Portão
55459649776;8901315833;Henrique Farias;14/07/1995;Arroio do Meio
83643172110;4101843297;Viviane Neves;18/09/1978;Uruguaiana
99769798010;5174056023;Ivan Ribeiro;04/12/1981;Novo Hamburgo
78670087220;2632632182;Simone Lima;20/07/2000;Taquari
86279939817;2733874099;Raul Coelho;19/04/1975;Nova Santa Rita
67523891047;6260871161;Luiz Pinto;01/07/2016;Farroupilha
94601840339;5809420310;Daniel Dias;24/08/1961;Parobé
68241542344;5977105643;Lucas Barbosa;16/04/2006;São Lourenço do Sul
17069278355;2967255152;Luiz Moreira;05/10/2005;Vacaria
84150597372;3749710573;Eduarda Machado;26/01/1967;Nova Santa Rita
58066413364;1368183858;Cíntia Moreira;18/12/1975;Farroupilha
94861560432;8808621051;Murilo Freitas;04/04/1965;São Sepé
52166783753;6168422688;Sabrina Lima;31/01/1973;São Jerônimo
43735373465;2481601204;Fábio Moura;29/01/1991;São Lourenço do Sul
97445783967;9621694781;Isabela Cavalcante;05/02/2015;Dom Pedrito
84642139498;9949231343;Cláudio Campos;05/07/1978;Arroio do Meio
27557970340;4343828375;Thiago Miranda;20/05/1993;Santo Ângelo
52766097735;6900124405;Maria Rodrigues;05/02/1996;Erechim
16267887152;7447795613;Viviane Freitas;29/09/1978;Guaporé
89399757283;8233448135;Rafaela Dias;13/10/1964;Erechim
92172523098;8967327575;Eduarda Oliveira;27/01/2011;Canoas
44383595359;1221941906;Elaine Rodrigues;22/08/1983;Triunfo
76139391368;7239027235;Kátia Moreira;25/12/1998;Lajeado
23465740734;4336085637;Graziella Teixeira;31/07/2009;Candelária
82504381932;5799377739;Gabriel Braga;30/06/2001;Bagé
75806088116;2228097283;Débora Miranda;14/11/1985;Panambi
36701690295;7669151526;Natália Nogueira;23/08/2022;Viamão
78200557033;1120562465;Cláudia Aguiar;07/12/2005;Estância Velha
38306594604;3079138517;Débora Lima;11/04/1966;Ivoti
13370757357;1144300267;Luiz Araújo;03/06/2018;Veranópolis
60353675306;6478283690;Kátia Souza;30/01/1975;Vacaria
26349092229;4411374508;William Castro;29/09/1961;São Jerônimo
60839921247;4338415382;Sérgio Costa;02/05/1996;Gramado
48120022045;7927750326;Leandro Nogueira;02/02/2023;Caçapava do Sul
93376550566;4577899015;Cláudio Batista;26/09/2018;Erechim
43895497077;8386204793;Maria Pereira;08/06/2000;Viamão
25207660311;4378571638;Elaine Dias;10/08/1962;Jaguarão
60892556109;2768161749;Ingrid Carvalho;22/07/1990;Encantado
43964888458;6590689829;Simone Cardoso;12/07/1962;Encruzilhada do Sul
54137698343;8614413403;Isabela Nascimento;12/02/1991;São Marcos
86095649056;2733431326;Igor Medeiros;30/11/1976;São Francisco de Paula
91036885518;7560729893;Yasmin Aguiar;24/12/1966;Montenegro
55713333235;8589845945;César Lima;14/05/1979;Triunfo
39645421202;4332312182;Noemi Nogueira;11/04/2023;Tapejara
22149624799;2051645089;Ingrid Rezende;09/02/2016;Montenegro
14627073497;1856182394;Paulo Macedo;18/05/2022;Nova Petrópolis
92456729207;8605743826;Ana Correia;03/09/2006;Guaíba
80104649592;7651636162;Flávia Teixeira;28/09/1965;Farroupilha
60632823358;2686880145;Yasmin Coelho;27/08/2014;Marau
79664219261;1169005571;Ingrid Dias;20/05/1958;Eldorado do Sul
42035726651;7772612651;Renan Barbosa;31/01/1996;São Jerônimo
87162894723;1102773811;Luana Macedo;14/07/2001;Charqueadas
50366705664;1234877231;Fábio Vieira;10/05/1976;São José do Norte
27195812327;9924398417;Lívia Moreira;17/08/2021;Charqueadas
18102947923;2012544735;Jonas Araújo;18/10/1968;Flores da Cunha
75515364555;7117896750;Tatiane Santos;22/06/1989;Rio Pardo
33056262850;2177428721;Hugo Rocha;30/10/1986;Santana do Livramento
81525381305;3124316694;Natália Dias;09/09/1974;Arroio do Meio
14798071109;8301723863;Ana Medeiros;28/02/1993;Sapucaia do Sul
46194804018;7527308500;Júlia Pereira;26/04/1996;Nova Prata
39168687383;9547786258;Vitor Carvalho;14/08/1994;Nova Santa Rita
84571321301;3537591195;Vanessa Aguiar;17/07/2019;Camaquã
78785712190;6159169964;Alan Medeiros;23/04/2014;Santa Rosa
22144403542;6920250372;William Silva;13/08/1984;Taquari
41126400845;9668378527;Viviane Miranda;13/03/2007;São Lourenço do Sul
54670930931;8091481527;Ana Ribeiro;25/12/1966;Campo Bom
40903846418;7431629375;Ingrid Coelho;15/08/1997;Sapiranga
93597463153;9309021544;Gustavo Braga;13/12/1984;Santa Maria
54721643285;2308054296;Bruna Vieira;04/04/2010;Bento Gonçalves
72883942220;2031200952;Priscila Campos;10/06/1995;Porto Alegre
42358529283;7129013952;Luana Moura;26/02/1963;Carazinho
40977252827;1424303643;Maria Fonseca;05/12/1975;São Leopoldo
89877261888;2872846992;Kátia Andrade;02/03/2016;Porto Alegre
10947578140;2561435170;Murilo Correia;09/07/1983;Palmeira das Missões
47290298733;9869473949;Débora Correia;17/07/1985;Quaraí
28504183202;5554206336;Renata Rodrigues;20/03/1977;Itaqui
39794344412;2228779994;Otávio Soares;05/07/2012;Rio Pardo
83519504156;1795496017;Maria Martins;22/04/2000;Torres
54782509771;6349094831;Fernando Coelho;04/01/1996;Osório
72123251274;3363793898;Igor Cavalcante;25/03/2010;Dom Pedrito
26462069536;1327390509;Kátia Machado;12/10/1959;Rolante
87428387654;2655208026;Mariana Almeida;03/04/1973;Guaporé
12972357498;6228095760;Natália Lima;20/12/1972;Estrela
49886341182;7283563383;Eduarda Nascimento;24/05/1957;Estância Velha
44716385396;4315372958;Camila Teixeira;05/08/1959;São Sepé
78664795481;1194014768;Queila Macedo;09/02/1964;Lajeado
33686609208;8041703308;Mateus Campos;08/12/1960;Carlos Barbosa
24725799927;7214463466;Raul Farias;01/02/2008;Teutônia
96014351101;3277502338;Débora Vieira;10/05/1960;Tapejara
35715978162;4405004461;Gabriela Cavalcante;14/11/2005;Soledade
92580071990;6438667508;Fernanda Tavares;13/12/1961;Capão do Leão
49297645781;6335943567;Mariana Tavares;22/02/2013;Três de Maio
71082022251;3274337663;Hugo Lima;30/04/2020;São José do Norte
14768753981;6355512404;Jorge Medeiros;06/10/1994;Passo Fundo
89261627011;4647031560;Vanessa Andrade;25/05/2014;Canguçu
54610771672;1799977207;Leonardo Gomes;07/08/1985;Porto Alegre
33871496000;2716465224;Rafaela Tavares;02/02/1972;Caçapava do Sul
90017907486;4627154211;Felipe Neves;12/04/2005;Viamão
25659752843;9784180998;Leandro Medeiros;13/11/1987;Portão
71091670138;1779885271;Rodrigo Neves;23/07/2018;Capão do Leão
60527557871;6656849777;Yasmin Farias;01/05/1992;Caxias do Sul
54069796512;3194215579;Alan Cavalcante;24/11/1995;Santa Rosa
11550839066;8649395360;João Campos;04/12/1984;Nova Prata
81487488079;5002460403;Camila Gomes;13/03/2001;Viamão
17410832120;9055433693;William Araújo;20/09/2017;Viamão
44037123466;8061991877;Otávio Peixoto;19/05/1978;Torres
54300612781;8586782883;Samuel Ramos;24/03/1984;Bagé
44799810044;9405162729;Aline Medeiros;25/06/2021;Cruz Alta
88605695787;2522196476;Renan Lima;14/02/2007;Marau
96824573789;7649672385;Raul Fernandes;19/07/1966;Santiago
29891645971;5768648947;Gabriela Peixoto;02/06/2014;Nova Hartz
70931798695;8018348020;Joana Campos;08/10/1994;Gravataí
39571748192;6997698827;Luana Correia;28/04/2014;Uruguaiana
22272742318;4383912582;Eduardo Freitas;07/10/2016;Charqueadas
21348592848;3948195073;Graziella Moura;31/10/1966;Palmeira das Missões
45669102640;9531139479;Diego Neves;12/03/1986;Santa Cruz do Sul
10696506955;3631213710;Cíntia Correia;04/11/2014;Esteio
21199227122;8320070792;Teresa Miranda;11/06/2007;Candelária
13859042244;9016764225;Marcelo Santos;20/06/1958;Itaqui
16468510206;4327828461;Júlia Ramos;14/08/1961;Soledade
32297116790;1054632832;Vinícius Fernandes;26/12/2020;Santana do Livramento
35468163739;5196163896;William Coelho;11/11/1962;Passo Fundo
93145851211;8998075754;Alan Lima;08/01/2017;Santiago
23701680512;3803363594;Yasmin Rezende;18/02/1991;Nova Prata
50097092940;7527839731;Danilo Araújo;11/04/1978;Arroio do Meio
69189507751;9880470964;Aline Miranda;28/09/1987;Torres
93848382025;4234862798;Jefferson Tavares;05/09/1987;São Borja
10089798236;2023872608;Diego Oliveira;21/09/2008;Palmeira das Missões
62361628646;2799375479;Kátia Peixoto;14/12/2018;Lagoa Vermelha
53825345451;4447309854;Carlos Souza;19/08/1959;Sapucaia do Sul
78622078637;3707563156;Kátia Vieira;15/03/1992;Torres
78515538174;3849666489;Lucas Macedo;15/03/1968;Sapiranga
62933852418;1442065262;Simone Ribeiro;30/06/2001;Taquari
75357014942;6322852774;Cíntia Batista;02/04/1965;Vera Cruz
82320551614;5189574844;Alexandre Miranda;05/05/2006;Triunfo
47485611104;5989181656;Ivan Moreira;21/03/1971;Três Coroas
26993837161;5115954826;Júlia Braga;10/08/1971;Garibaldi
53864339365;3615416611;Marcelo Araújo;12/11/2004;Carlos Barbosa
96501450112;4923486626;Queila Almeida;21/12/1961;Caçapava do Sul
41924708710;5638965392;Caio Vieira;08/05/1971;Encantado
50551388356;4690607418;Olívia Braga;02/01/2015;Soledade
54307204395;7000001192;Fábio Neves;13/06/1991;São José do Norte
30962459920;2671745482;Murilo Silva;29/09/1957;Santo Antônio da Patrulha
67361357386;8859377691;Kátia Barbosa;03/09/1988;Jaguarão
42092554904;8966335008;Sérgio Martins;10/06/1955;Tramandaí
29415633617;4773224848;Jonas Almeida;22/01/2018;Passo Fundo
73674696803;9626988833;Isabela Barros;02/02/1967;Encantado
17304546148;1406075418;Camila Farias;23/10/2000;Itaqui
27697393452;1290975163;Priscila Macedo;05/12/1978;Viamão
46302982908;8786622713;Diego Coelho;14/01/1969;Sarandi
87856927659;5682895486;Gabriela Costa;06/06/1960;São José do Norte
72220775952;4137066032;Fernando Peixoto;18/11/2020;Osório
51388515910;1644896864;Samuel Rocha;28/07/1988;Marau
17789740647;5234716800;Igor Fonseca;09/12/1978;Venâncio Aires
61834432710;5403125819;Queila Rezende;18/10/1981;Estrela
48304153173;9412776293;Maria Araújo;14/02/2019;Encantado
99512549925;4456196478;Michele Silva;22/11/1963;Vera Cruz
53614765370;5836587483;Tatiane Monteiro;02/07/1956;Lagoa Vermelha
93249735142;1720089666;Ingrid Soares;18/04/1968;Taquara
68521773962;4580090649;Jefferson Campos;27/11/1998;Panambi
23862627651;9482883861;Ivan Carvalho;05/04/1973;Ijuí
13664492723;3470857927;Maria Souza;30/06/1982;Sarandi
14009994682;5755715434;Helena Oliveira;02/05/2019;Três de Maio
88395335746;4332563744;Bianca Carvalho;28/03/2014;Uruguaiana
64242936699;8562711354;Hugo Coelho;09/02/1998;Dois Irmãos
83069466657;7201126740;Eduarda Carvalho;20/12/2017;Torres
33841096731;5823964119;Roberto Batista;23/07/1963;Tramandaí
96978151360;6438995468;Pedro Martins;30/01/2006;Alvorada
13216896967;4804061006;Renata Nascimento;05/11/1982;Ivoti
55675381491;7379451419;Diego Pereira;17/03/1984;Carazinho
99130870167;7624917365;Simone Castro;09/10/2018;Caçapava do Sul
36165262714;4152522304;Samuel Peixoto;20/07/1970;Santana do Livramento
44899652859;6229574829;Fábio Macedo;09/12/1969;Caxias do Sul
35818710749;3486919115;Sabrina Barbosa;14/01/2012;Passo Fundo
73050253211;3115379222;Kátia Rodrigues;12/03/1972;Canela
22523850975;9445543852;Queila Silva;20/02/1987;Jaguarão
33991335585;1415721700;Mateus Ramos;30/08/1955;Taquara
38148284436;1626142784;Luiz Fonseca;25/01/1981;Uruguaiana
62742873462;6284960667;Leandro Barbosa;21/03/2003;Santa Maria
36731278268;2371842441;Eduarda Peixoto;19/03/2007;Frederico Westphalen
14863598650;1758773457;Jéssica Ramos;24/02/1962;Nova Santa Rita
92452231381;4477647246;Jonas Santos;06/12/2004;Gravataí
50459635970;4222499279;Graziella Araújo;25/01/1958;São Sepé
77142731130;7037412323;Luana Braga;03/06/1995;Bento Gonçalves
30200644724;3777694586;Elisa Dias;29/11/1958;Guaíba
73333922597;6394326879;Cíntia Barros;12/03/1956;Dois Irmãos
70090419887;9490266895;Paulo Araújo;13/06/1964;Taquari
22382694234;8766433684;Natália Braga;30/12/1975;São Luiz Gonzaga
64739962943;4322273752;Sérgio Silva;13/10/1988;Nova Hartz
19707584650;3879317942;Marcela Neves;08/06/1985;Palmeira das Missões
72169916961;4880521983;Fernando Monteiro;21/05/2002;Nova Petrópolis
10182023662;9175363609;João Pereira;04/06/2002;Dom Pedrito
63189079424;2571345911;Elisa Lima;03/09/2011;Alegrete
27637308711;3180909065;Queila Costa;20/01/1992;Taquara
80908460348;8897341017;Márcio Medeiros;28/07/2005;Montenegro
96793427697;5131657545;Luana Teixeira;01/06/2023;Encruzilhada do Sul
39403304444;2029063936;Alexandre Barbosa;11/01/2013;Ivoti
75392600101;4088675539;Maria Barros;03/10/1992;São Francisco de Paula
91667552401;1891918713;Vanessa Fernandes;24/06/2006;Osório
96367427599;2121661725;Leandro Miranda;19/06/2004;Camaquã
53544818131;9705584955;Larissa Freitas;06/01/1971;São Jerônimo
99836833809;6465653892;Cláudia Souza;24/10/2004;Estrela
69201609417;5635622819;Queila Moreira;13/05/2023;Cachoeira do Sul
43217707964;6899104560;Mariana Moreira;15/09/1991;Charqueadas
43681133486;9000130168;Débora Araújo;21/03/1981;São Sebastião do Caí
13411180425;7367028823;Samuel Neves;09/02/1967;Itaqui
50841801404;3926409187;Hugo Araújo;27/03/2003;Estrela
94219203440;8376786902;Vanessa Teixeira;20/10/1997;Nova Hartz
66964859254;7501127059;Joana Rocha;19/06/1996;Canoas
33338002040;4473605806;Édson Carvalho;02/10/1970;Sapucaia do Sul
98360799599;3581958711;Vanessa Barros;19/05/1993;Flores da Cunha
47894207679;4035011408;Rafaela Moreira;25/07/2001;Santa Cruz do Sul
75851618607;9490508839;Pedro Batista;11/02/1972;Taquara
17814299656;6180319615;Ricardo Miranda;22/07/1974;Sapucaia do Sul
97257060526;8383932792;Igor Peixoto;13/11/1958;Três Passos
91165973002;9138108901;Carlos Almeida;04/05/1969;Carlos Barbosa
17713365123;4744941340;Vitor Lima;15/10/2003;Dois Irmãos
88678773039;6891294370;Ana Gomes;06/09/1955;Santa Rosa
64311196448;3542354044;Murilo Andrade;20/11/1956;Marau
47827164928;2094216519;Simone Monteiro;05/03/1981;Canguçu
78757621183;6508447171;Ivan Castro;17/03/2006;Gravataí
47870947713;5846829325;Karina Miranda;14/10/2006;Uruguaiana
49948725655;4540417839;Priscila Pereira;28/06/2015;Capão da Canoa
93597952333;3458407219;Yasmin Macedo;07/07/1959;Três Passos
48678811542;3376627864;Gustavo Teixeira;18/08/1981;Encantado
64437855170;2831539852;Gabriel Farias;26/07/2001;Santana do Livramento
41738846379;2358047556;Priscila Medeiros;12/07/1982;Vacaria
43578404769;9618078135;André Moreira;03/11/2008;Guaporé
66510804272;7498030807;Alexandre Fonseca;10/02/1999;Santo Ângelo
87056235569;8550689843;Noemi Fernandes;30/08/1983;Guaíba
46442083291;3563691580;Diego Souza;13/12/2007;Estrela
31391782050;9519617684;Vitor Monteiro;18/08/1992;Capão da Canoa
85438174867;3068810042;Renan Tavares;05/07/2000;Torres
62922940200;2376258110;Carlos Freitas;04/05/1982;Guaíba
22998253180;6291656581;Eduardo Souza;07/01/1990;Gramado
34139807330;1925285112;Vitor Teixeira;09/05/1970;São José do Norte
20490588814;5245219295;Helena Cavalcante;29/10/2000;Vacaria
11623555077;5727775855;Samuel Monteiro;15/06/1996;Arroio do Meio
18736786012;1399042823;Cláudia Cavalcante;29/01/1989;Capão da Canoa
55709268481;6146091451;Jorge Moura;02/08/1956;São Luiz Gonzaga
39268936817;7288918843;Gustavo Peixoto;27/07/2023;Encruzilhada do Sul
12177847133;2011411023;Rafaela Rocha;28/04/2023;Marau
63908523919;6808772165;Édson Macedo;17/07/1960;Estância Velha
20407503076;8790183872;Mateus Vieira;08/02/1994;Cachoeira do Sul
75612393717;3494143067;Isabela Nogueira;03/05/2004;Montenegro
88548376685;4502262706;André Souza;21/02/1993;Campo Bom
58947949443;7365620023;Elaine Fonseca;28/07/1963;Taquari
49850408033;8747449361;Cláudia Soares;08/10/1983;São Lourenço do Sul
15437241586;8240682731;Isabela Tavares;23/08/2018;Porto Alegre
28097100563;4542841069;Eduardo Silva;01/02/1963;Camaquã
15349944363;4616884503;Cíntia Souza;14/04/1967;Itaqui
16875730251;9468374876;Eduardo Ramos;23/07/2015;Nova Prata
34887570737;4868420618;Gabriela Neves;19/09/1963;Portão
54309268096;4618483382;Bruna Pinto;04/08/1963;Taquara
70283269861;5056891286;Sabrina Cavalcante;07/11/2023;Rolante
36356724283;8501392176;Bruno Martins;12/05/2012;Ivoti
96183555560;7647387362;Ivan Dias;11/03/2010;Cachoeira do Sul
61148735283;5246332549;Samuel Fonseca;02/10/1986;São Francisco de Paula
81185705068;5617083369;Sabrina Rodrigues;15/04/1999;Gramado
29950951053;6894749739;Michele Cavalcante;19/04/1963;Santa Vitória do Palmar
20432143816;6532678012;Bruna Soares;14/02/2006;Santa Vitória do Palmar
33486122543;3898105911;Cláudia Fernandes;07/05/2021;Nova Prata
39480914709;5490889049;Danilo Barbosa;23/07/1964;Cachoeirinha
33767864782;8409500204;Cíntia Coelho;22/10/1972;São Lourenço do Sul
41650752073;6573333896;Renata Aguiar;21/05/1993;Santo Ângelo
84313500015;9337085256;Mateus Araújo;07/11/1982;Osório
56874798945;5676239569;Maria Tavares;01/10/1956;São Lourenço do Sul
14705256971;8587968705;Henrique Ribeiro;13/07/2014;Passo Fundo
78350905776;2963549129;Márcio Rodrigues;20/06/1956;Lajeado
92295302549;6421974012;João Cavalcante;10/10/1966;Canoas
23773734147;6570647349;Teresa Pinto;13/06/1997;Ivoti
42432213344;7560257286;Maria Braga;30/12/1957;Nova Hartz
93893371067;8119233237;Gabriel Aguiar;23/01/2011;Triunfo
57414835579;1427554298;Paulo Nascimento;07/11/2002;Imbé
87493392238;6048570806;Yasmin Souza;09/12/1980;Novo Hamburgo
59848795032;2671403864;Felipe Freitas;01/12/1985;Três de Maio
76481128496;9065552490;Michele Campos;29/03/1980;São Gabriel
82018293357;5018327557;Teresa Silva;25/05/2006;Nova Prata
88389450088;9666575539;Patrícia Fernandes;23/04/2009;Canguçu
39694999584;3421734811;Daniel Andrade;21/10/1959;Santa Cruz do Sul
72184721237;2379585203;Ivan Soares;27/07/2016;São Sebastião do Caí
17012411803;1785331151;Luiz Aguiar;26/01/1978;Montenegro
40302564668;1633355681;Vanessa Castro;19/05/1964;Vera Cruz
90889858782;5894723201;Pedro Rocha;19/04/2017;Esteio
61342755485;8523991323;César Correia;23/01/2022;Alegrete
70449471057;9939462366;Simone Martins;09/10/1974;Soledade
22543741283;5420692866;João Monteiro;25/09/1998;Canguçu
22883075952;6653782418;Marcela Tavares;16/08/1973;Santa Rosa
24446082765;4144514874;Otávio Martins;21/09/2018;Tramandaí
30149087023;7320663284;Elaine Teixeira;17/10/1959;Nova Prata
44224109196;8100548785;Olívia Neves;19/08/1984;Palmeira das Missões
52954465012;9288363582;Karina Silva;18/04/1986;Viamão
47240688075;8890483359;Fernanda Ramos;06/04/2022;Vacaria
79782858699;1831936843;Roberto Barros;29/10/1971;Igrejinha
56605750499;3991116257;Joana Tavares;07/03/1996;Guaíba
83751847667;6309620105;Bruna Pereira;11/03/1972;Estância Velha
88270669136;9135029816;Marcela Andrade;04/07/1977;Farroupilha
24688166704;5548228356;Débora Silva;01/09/2016;Taquara
47495264771;5257217841;Juliana Andrade;19/02/1970;Charqueadas
58772911856;4526534673;Natália Fonseca;11/07/1974;São Gabriel
87856126604;7484679845;Gabriela Teixeira;02/12/1957;São Francisco de Paula
19172242390;4913944590;Ivan Ramos;08/08/1998;Portão
87687124177;9177109992;Igor Moura;15/01/1983;Dom Pedrito
82259173016;8257428903;Débora Nascimento;11/09/1984;Ivoti
20916692049;5465627433;Kátia Batista;22/06/1957;Alvorada
81412836765;6439880907;Carlos Batista;21/06/2012;Novo Hamburgo
21625190970;6837504682;Patrícia Ribeiro;19/10/2018;São Lourenço do Sul
84999333689;7185890562;Eduardo Teixeira;04/07/1978;Santo Ângelo
42787984758;1056331820;Leandro Machado;01/12/1984;São Lourenço do Sul
19004030452;1475758581;Débora Moreira;15/08/1957;Montenegro
14926264982;7107488755;Luiz Barbosa;31/12/1972;São Borja
26172088213;8821005408;Noemi Souza;19/08/1996;Viamão
29550976379;8134557242;Fernando Nascimento;17/12/1979;São Marcos
65726237860;3251723198;Kátia Neves;12/08/1957;Santa Vitória do Palmar
94322826363;1741385936;Alexandre Oliveira;01/03/1977;Garibaldi
83852764503;9174108850;Ana Silva;16/01/1987;Taquari
67730151230;7072635926;Leandro Campos;26/11/1966;Guaíba
34453285183;6026984222;Larissa Batista;23/10/1984;Marau
92374055391;3511170465;Jefferson Miranda;19/10/2023;Itaqui
83135278735;1812561498;Gustavo Aguiar;19/07/1972;Nova Petrópolis
73958403646;8065973710;Renan Moura;27/09/2016;São Borja
85093871569;1644520310;Aline Correia;02/08/1980;Triunfo
31217112487;8571467324;Simone Campos;26/12/1995;Charqueadas
61626048247;5599215714;Vitor Rodrigues;05/10/2002;Santo Antônio da Patrulha
29854739337;8946475674;Lívia Rezende;12/01/2000;Taquari
14527451043;5432977514;Cláudio Ribeiro;17/08/1977;Caçapava do Sul
85133591053;3031049582;César Cavalcante;28/05/1982;Carlos Barbosa
22502235058;3733141182;Roberto Nascimento;26/03/1972;Farroupilha
87273439613;7510981829;Fernanda Almeida;29/03/2017;Candelária
98704940022;5973193049;Gustavo Ramos;15/05/1963;Alegrete
17820580404;2464133190;Samuel Aguiar;28/01/2024;Guaporé
62627043036;8061318294;Gabriela Santos;02/09/2016;Três Coroas
87444136121;4987711160;Jorge Nascimento;15/03/2009;Nova Santa Rita
77197155341;5571765761;Simone Almeida;09/12/1987;Bagé
56939872598;1511875552;Roberto Cavalcante;26/09/2012;Nova Santa Rita
63796886220;6586021720;Priscila Fernandes;24/09/1997;Torres
77720247509;1853410883;Cláudia Farias;18/12/2017;Parobé
36898465290;3631986151;Isabela Moura;05/04/1962;Panambi
12332224088;8555356227;Gabriela Pereira;19/04/1956;Vera Cruz
97161344514;5617269695;Karina Barbosa;07/06/1974;Rio Pardo
71823545293;1596544676;Gabriel Almeida;21/03/1963;Três Coroas
40793963070;2033416462;Larissa Gomes;27/10/2016;Parobé
48349997176;4071979710;William Peixoto;29/09/2019;Ijuí
87684737582;1075296204;Rejane Santos;01/09/1987;Osório
42088967598;6729546614;William Barros;17/03/1981;Panambi
48619247931;7056097258;Thiago Souza;17/10/2000;Caçapava do Sul
74948975526;8446996312;Larissa Fonseca;21/06/1961;Santo Ângelo
15398510201;7913541690;Gustavo Fonseca;02/08/1989;Passo Fundo
78672423522;4007222815;Eduarda Costa;16/09/2020;São Leopoldo
53391113753;1771806267;Helena Pinto;25/11/1980;Sarandi
24449853595;7239254135;César Aguiar;24/04/1991;Gravataí
44376278033;7541853332;Alan Peixoto;01/12/2009;Três Coroas
20029695595;6215552908;Carlos Castro;23/09/1992;Lajeado
